{
  "marketing_stripe": {
    "text": "",
    "link": ""
  },
  "contacts_stripe": {
    "pages": [
      {
        "title": "A empresa",
        "link": "https://lojajardimdoeden.com.br/pages/sobre-nos"
      },
      {
        "link": "https://lojajardimdoeden.com.br/pages/pagamentos",
        "title": "Pagamentos"
      },
      {
        "link": "https://lojajardimdoeden.com.br/pages/trocas",
        "title": "Trocas e Devoluções"
      },
      {
        "title": "Atendimento",
        "link": "https://lojajardimdoeden.com.br/pages/contato"
      }
    ],
    "phone_wpp": true,
    "socials": true
  },
  "categories_list": {
    "featured": [],
    "random": 8
  },
  "search_input": true
}