{
  "meta_title": "Jardim do Éden",
  "meta_description": "Loja de artigos sexuais, sexshop",
  "sections": [
    {
      "type": "banner-slider",
      "autoplay": 8000,
      "slides": [
        {
          "start": "",
          "end": "",
          "img": "/img/uploads/87537129_1146700612339220_6445749770941104128_n.png",
          "link": "https://lojajardimdoeden.com.br/sado",
          "mobile_img": "/img/uploads/87537129_1146700612339220_6445749770941104128_n.png"
        },
        {
          "start": "",
          "end": "",
          "img": "/img/uploads/bomba.png",
          "mobile_img": "/img/uploads/bomba.png",
          "link": "https://lojajardimdoeden.com.br/bomba-peniana"
        },
        {
          "start": "",
          "end": "",
          "img": "/img/uploads/plugs.png",
          "mobile_img": "/img/uploads/plugs.png",
          "link": "https://lojajardimdoeden.com.br/plug-anal"
        },
        {
          "start": "",
          "end": "2020-12-05T21:10:00.777Z",
          "img": "/img/uploads/itense.png",
          "mobile_img": "/img/uploads/itense.png",
          "link": "https://lojajardimdoeden.com.br/orgamax"
        },
        {
          "start": "",
          "end": "",
          "img": "/img/uploads/itense.png",
          "mobile_img": "/img/uploads/itense.png",
          "link": "https://lojajardimdoeden.com.br/intense-adstringente"
        }
      ]
    },
    {
      "type": "info-bar",
      "enabled": true
    },
    {
      "type": "collection-shelf",
      "shuffle": true,
      "limit": 14,
      "page": 1,
      "sort": "news",
      "headless": false
    },
    {
      "type": "collection-shelf",
      "shuffle": true,
      "limit": 12,
      "page": 1,
      "sort": "sales",
      "headless": true
    },
    {
      "type": "collection-shelf",
      "shuffle": true,
      "limit": 12,
      "page": 1,
      "collection_id": "604114cb6d50911b60541638:collections:Hard Metal:/hard-metal",
      "sort": "sales",
      "headless": true
    },
    {
      "type": "collection-shelf",
      "shuffle": true,
      "limit": 12,
      "page": 1,
      "collection_id": "604115956d50911b60541736:collections:Coleção Eva:/colecao-eva",
      "sort": "sales",
      "headless": true
    },
    {
      "type": "collection-shelf",
      "shuffle": true,
      "limit": 12,
      "page": 1,
      "collection_id": "604116796d50911b605418ec:collections:Sadomasoquismo:/sadomasoquismo",
      "headless": true,
      "sort": "news"
    },
    {
      "type": "breadcrumbs",
      "enabled": true
    }
  ]
}