{
  "sections": [
    {
      "type": "breadcrumbs",
      "enabled": true
    },
    {
      "type": "product-block",
      "enabled": true
    },
    {
      "type": "related-products",
      "title": "Produtos relacionados"
    },
    {
      "type": "banner-slider",
      "autoplay": 9000,
      "slides": [
        {
          "start": "",
          "end": "",
          "img": "/img/uploads/cosm.jpg",
          "link": "https://lojajardimdoeden.com.br/search?term=oops"
        },
        {
          "start": "",
          "end": "",
          "img": "/img/uploads/borboletas.jpg",
          "link": "https://lojajardimdoeden.com.br/butterfly"
        },
        {
          "start": "",
          "end": "",
          "img": "/img/uploads/mr-bigcaixa2.jpg",
          "link": "https://lojajardimdoeden.com.br/bomba-peniana"
        }
      ]
    },
    {
      "type": "product-description",
      "enabled": true
    },
    {
      "type": "responsive-banner",
      "img": "/img/uploads/banner02.png",
      "mobile_img": "/img/uploads/banner02.png"
    },
    {
      "type": "recommended-products",
      "title": "Quem comprou este produto, também comprou:"
    },
    {
      "type": "product-specifications",
      "enabled": true
    }
  ]
}